ticket_id,stage,stage_title,deliverable,stage_requirement_scope,stage_gate_dependencies,responsible_role,release_milestone,stage_exit_criteria,package_additional_gate,plan_reference,progress_reference
S00-01,S00,"Repository, contracts and scaffold","Initialize frontend/backend structure, formatting/type checks, dependency lockfiles, MIT project license and file/dependency reuse ledger. Record upstream revision and retained notices before adapting code/assets.","FR-01, FR-36 foundations; NFR-09, NFR-12",Planning baseline,"technical lead/platform, with frontend and backend input",Engineering scaffold,AT-01 installation subset and AT-29 scaffold subset pass. No required runtime service is omitted from Compose. No copied component lacks a recorded provenance/license decision. Establish baseline test reports without claiming integrations are certified.,,IMPLEMENTATION-PLAN.md,docs/IMPLEMENTATION-STATUS.md
S00-02,S00,"Repository, contracts and scaffold","Add Compose development/test configuration, non-root identities, secret-file support, health/readiness and migration entrypoint. Pin researched integration test images; do not assume the user's versions.","FR-01, FR-36 foundations; NFR-09, NFR-12",Planning baseline,"technical lead/platform, with frontend and backend input",Engineering scaffold,AT-01 installation subset and AT-29 scaffold subset pass. No required runtime service is omitted from Compose. No copied component lacks a recorded provenance/license decision. Establish baseline test reports without claiming integrations are certified.,,IMPLEMENTATION-PLAN.md,docs/IMPLEMENTATION-STATUS.md
S00-03,S00,"Repository, contracts and scaffold","Define adapter interfaces, error taxonomy, operation envelope, OpenAPI generation and architecture boundaries. Record identity/authority decisions as ADRs linked to D01–D13.","FR-01, FR-36 foundations; NFR-09, NFR-12",Planning baseline,"technical lead/platform, with frontend and backend input",Engineering scaffold,AT-01 installation subset and AT-29 scaffold subset pass. No required runtime service is omitted from Compose. No copied component lacks a recorded provenance/license decision. Establish baseline test reports without claiming integrations are certified.,,IMPLEMENTATION-PLAN.md,docs/IMPLEMENTATION-STATUS.md
S00-04,S00,"Repository, contracts and scaffold",Create synthetic catalog/media/provider fixture sets and isolated ABS/qBittorrent/PostgreSQL harness. Document how fixtures are generated without distributing private tracker data.,"FR-01, FR-36 foundations; NFR-09, NFR-12",Planning baseline,"technical lead/platform, with frontend and backend input",Engineering scaffold,AT-01 installation subset and AT-29 scaffold subset pass. No required runtime service is omitted from Compose. No copied component lacks a recorded provenance/license decision. Establish baseline test reports without claiming integrations are certified.,,IMPLEMENTATION-PLAN.md,docs/IMPLEMENTATION-STATUS.md
S00-05,S00,"Repository, contracts and scaffold","Configure CI for contracts, backend/frontend checks, migration smoke tests, image build and secret/license/dependency checks. Establish local backup/restore skeleton.","FR-01, FR-36 foundations; NFR-09, NFR-12",Planning baseline,"technical lead/platform, with frontend and backend input",Engineering scaffold,AT-01 installation subset and AT-29 scaffold subset pass. No required runtime service is omitted from Compose. No copied component lacks a recorded provenance/license decision. Establish baseline test reports without claiming integrations are certified.,,IMPLEMENTATION-PLAN.md,docs/IMPLEMENTATION-STATUS.md
S01-01,S01,"Durable domain, permissions and jobs","Alembic schema for catalog, provenance, inventory bindings, lists, intents/reasons, jobs, manifests and audit. Define constraints, indexes and transactional service boundaries.","FR-01, FR-02, FR-05, FR-06, FR-22, FR-35 foundations; NFR-02, NFR-05, NFR-08, NFR-09",S00,backend/platform; frontend for session/activity shell,Internal foundation,"AT-01 authorization baseline, AT-02 foundation, AT-13 reservation subset, AT-24 event subset and AT-30 transaction/redelivery subset pass using real PostgreSQL. Failure to achieve atomic enqueue blocks this stage; choose and document a supported transactional outbox adaptation before progressing, rather than silently accepting dual writes.",,IMPLEMENTATION-PLAN.md,docs/IMPLEMENTATION-STATUS.md
S01-02,S01,"Durable domain, permissions and jobs",Bootstrap admin; administrator/member/viewer permissions; encrypted per-user credentials; library grants; secure sessions and recovery procedure.,"FR-01, FR-02, FR-05, FR-06, FR-22, FR-35 foundations; NFR-02, NFR-05, NFR-08, NFR-09",S00,backend/platform; frontend for session/activity shell,Internal foundation,"AT-01 authorization baseline, AT-02 foundation, AT-13 reservation subset, AT-24 event subset and AT-30 transaction/redelivery subset pass using real PostgreSQL. Failure to achieve atomic enqueue blocks this stage; choose and document a supported transactional outbox adaptation before progressing, rather than silently accepting dual writes.",,IMPLEMENTATION-PLAN.md,docs/IMPLEMENTATION-STATUS.md
S01-03,S01,"Durable domain, permissions and jobs",Wire Procrastinate enqueue through the same underlying psycopg transaction as domain changes. Prove rollback/no-enqueue and commit/one-job behavior through SQLAlchemy integration; document the supported adapter path.,"FR-01, FR-02, FR-05, FR-06, FR-22, FR-35 foundations; NFR-02, NFR-05, NFR-08, NFR-09",S00,backend/platform; frontend for session/activity shell,Internal foundation,"AT-01 authorization baseline, AT-02 foundation, AT-13 reservation subset, AT-24 event subset and AT-30 transaction/redelivery subset pass using real PostgreSQL. Failure to achieve atomic enqueue blocks this stage; choose and document a supported transactional outbox adaptation before progressing, rather than silently accepting dual writes.",,IMPLEMENTATION-PLAN.md,docs/IMPLEMENTATION-STATUS.md
S01-04,S01,"Durable domain, permissions and jobs","Implement idempotent command handling, leases, serialized reservation checks, worker restart/stalled-job handling, and a durable external-operation ledger/outbox.","FR-01, FR-02, FR-05, FR-06, FR-22, FR-35 foundations; NFR-02, NFR-05, NFR-08, NFR-09",S00,backend/platform; frontend for session/activity shell,Internal foundation,"AT-01 authorization baseline, AT-02 foundation, AT-13 reservation subset, AT-24 event subset and AT-30 transaction/redelivery subset pass using real PostgreSQL. Failure to achieve atomic enqueue blocks this stage; choose and document a supported transactional outbox adaptation before progressing, rather than silently accepting dual writes.",,IMPLEMENTATION-PLAN.md,docs/IMPLEMENTATION-STATUS.md
S01-05,S01,"Durable domain, permissions and jobs","Implement identity assertions, protected manual matches, reversible association corrections and merge redirects. Add audit and activity APIs with redacted structured events.","FR-01, FR-02, FR-05, FR-06, FR-22, FR-35 foundations; NFR-02, NFR-05, NFR-08, NFR-09",S00,backend/platform; frontend for session/activity shell,Internal foundation,"AT-01 authorization baseline, AT-02 foundation, AT-13 reservation subset, AT-24 event subset and AT-30 transaction/redelivery subset pass using real PostgreSQL. Failure to achieve atomic enqueue blocks this stage; choose and document a supported transactional outbox adaptation before progressing, rather than silently accepting dual writes.",,IMPLEMENTATION-PLAN.md,docs/IMPLEMENTATION-STATUS.md
S02-01,S02,"Catalog, metadata and familiar browsing","Hardcover catalog adapter and independent provider contract; Open Library for targeted conservative work/ebook fallback, caching, budgets and version/series normalization. Explicitly document which fields each adapter supplies; do not treat Open Library as a complete recording catalog or bulk-harvest it.","FR-05–FR-10, FR-12 initial local lists; NFR-03, NFR-07, NFR-10",S01,catalog/backend and frontend,Catalog preview,"AT-02 catalog identity/correction subset, AT-03 app metadata subset, AT-04 catalog search/detail subset and AT-05 local-list subset pass. Backend/file preservation and source-native results remain assigned to S03–S06. Provider outage leaves cached catalog usable. No catalog edition is created merely because two tracker releases exist. Initial accessibility checks cover navigation, search and book detail.",,IMPLEMENTATION-PLAN.md,docs/IMPLEMENTATION-STATUS.md
S02-02,S02,"Catalog, metadata and familiar browsing","Metadata resolver with Automatic defaults, provenance, protected edits, cover selection and advanced group/field preferences. Keep contradictory editions separate.","FR-05–FR-10, FR-12 initial local lists; NFR-03, NFR-07, NFR-10",S01,catalog/backend and frontend,Catalog preview,"AT-02 catalog identity/correction subset, AT-03 app metadata subset, AT-04 catalog search/detail subset and AT-05 local-list subset pass. Backend/file preservation and source-native results remain assigned to S03–S06. Provider outage leaves cached catalog usable. No catalog edition is created merely because two tracker releases exist. Initial accessibility checks cover navigation, search and book detail.",,IMPLEMENTATION-PLAN.md,docs/IMPLEMENTATION-STATUS.md
S02-03,S02,"Catalog, metadata and familiar browsing","Implement Seerr-style navigation, cover cards, shelves, detail layout, dialogs and settings visuals against book-native contracts. Adapt eligible presentation components where useful; avoid carrying framework/server dependencies solely to reuse markup. Record copied components and notices. Implement responsive keyboard-accessible states.","FR-05–FR-10, FR-12 initial local lists; NFR-03, NFR-07, NFR-10",S01,catalog/backend and frontend,Catalog preview,"AT-02 catalog identity/correction subset, AT-03 app metadata subset, AT-04 catalog search/detail subset and AT-05 local-list subset pass. Backend/file preservation and source-native results remain assigned to S03–S06. Provider outage leaves cached catalog usable. No catalog edition is created merely because two tracker releases exist. Initial accessibility checks cover navigation, search and book detail.",,IMPLEMENTATION-PLAN.md,docs/IMPLEMENTATION-STATUS.md
S02-04,S02,"Catalog, metadata and familiar browsing","Local/catalog search, work/edition/recording/series views, provisional works and correction flow. Add paginated endpoints and local search indexes.","FR-05–FR-10, FR-12 initial local lists; NFR-03, NFR-07, NFR-10",S01,catalog/backend and frontend,Catalog preview,"AT-02 catalog identity/correction subset, AT-03 app metadata subset, AT-04 catalog search/detail subset and AT-05 local-list subset pass. Backend/file preservation and source-native results remain assigned to S03–S06. Provider outage leaves cached catalog usable. No catalog edition is created merely because two tracker releases exist. Initial accessibility checks cover navigation, search and book detail.",,IMPLEMENTATION-PLAN.md,docs/IMPLEMENTATION-STATUS.md
S02-05,S02,"Catalog, metadata and familiar browsing","Local list CRUD, ordering and bulk selection; own/private access; placeholder ownership fields use explicit unknown state until inventory exists.","FR-05–FR-10, FR-12 initial local lists; NFR-03, NFR-07, NFR-10",S01,catalog/backend and frontend,Catalog preview,"AT-02 catalog identity/correction subset, AT-03 app metadata subset, AT-04 catalog search/detail subset and AT-05 local-list subset pass. Backend/file preservation and source-native results remain assigned to S03–S06. Provider outage leaves cached catalog usable. No catalog edition is created merely because two tracker releases exist. Initial accessibility checks cover navigation, search and book detail.",,IMPLEMENTATION-PLAN.md,docs/IMPLEMENTATION-STATUS.md
S03-01,S03,Audiobookshelf inventory and reconciliation,"ABS connection/capability test, inventory pagination, item details, deep links and change-event support where the backend permits it. Polling repairs gaps and supports connections without event capability. Separate scan authority from inventory access.","FR-02 library grants, FR-03 ABS, FR-10, FR-13–FR-15; NFR-01, NFR-05, NFR-08",S01; integrates with S02,"library adapter/backend, frontend availability",Connected library preview,"AT-06 inventory assertions, AT-07 missing/move detection and non-destructive repair subset, and AT-27 library-scope subset pass. Explicit replacement execution integrates in S05 and complete recovery in S09. Inventory-only credentials work. No scan-start or download status is used as proof of ownership.",,IMPLEMENTATION-PLAN.md,docs/IMPLEMENTATION-STATUS.md
S03-02,S03,Audiobookshelf inventory and reconciliation,"Reconciliation generations with complete/partial markers; periodic full repair after event gaps; stale, suspected missing and confirmed missing transitions.","FR-02 library grants, FR-03 ABS, FR-10, FR-13–FR-15; NFR-01, NFR-05, NFR-08",S01; integrates with S02,"library adapter/backend, frontend availability",Connected library preview,"AT-06 inventory assertions, AT-07 missing/move detection and non-destructive repair subset, and AT-27 library-scope subset pass. Explicit replacement execution integrates in S05 and complete recovery in S09. Inventory-only credentials work. No scan-start or download status is used as proof of ownership.",,IMPLEMENTATION-PLAN.md,docs/IMPLEMENTATION-STATUS.md
S03-03,S03,Audiobookshelf inventory and reconciliation,"Asset-to-work/version matching, technical media classification, companion-document exclusions and omnibus containment model. Keep match corrections durable.","FR-02 library grants, FR-03 ABS, FR-10, FR-13–FR-15; NFR-01, NFR-05, NFR-08",S01; integrates with S02,"library adapter/backend, frontend availability",Connected library preview,"AT-06 inventory assertions, AT-07 missing/move detection and non-destructive repair subset, and AT-27 library-scope subset pass. Explicit replacement execution integrates in S05 and complete recovery in S09. Inventory-only credentials work. No scan-start or download status is used as proof of ownership.",,IMPLEMENTATION-PLAN.md,docs/IMPLEMENTATION-STATUS.md
S03-04,S03,Audiobookshelf inventory and reconciliation,"Overall and medium-specific availability projections, granted-library filtering, pending states and version counts in cards/detail/library.","FR-02 library grants, FR-03 ABS, FR-10, FR-13–FR-15; NFR-01, NFR-05, NFR-08",S01; integrates with S02,"library adapter/backend, frontend availability",Connected library preview,"AT-06 inventory assertions, AT-07 missing/move detection and non-destructive repair subset, and AT-27 library-scope subset pass. Explicit replacement execution integrates in S05 and complete recovery in S09. Inventory-only credentials work. No scan-start or download status is used as proof of ownership.",,IMPLEMENTATION-PLAN.md,docs/IMPLEMENTATION-STATUS.md
S03-05,S03,Audiobookshelf inventory and reconciliation,"Relink external moves, handle permission changes and unavailable mounts conservatively; expose repair/ignore/replacement intent without enabling automatic replacement.","FR-02 library grants, FR-03 ABS, FR-10, FR-13–FR-15; NFR-01, NFR-05, NFR-08",S01; integrates with S02,"library adapter/backend, frontend availability",Connected library preview,"AT-06 inventory assertions, AT-07 missing/move detection and non-destructive repair subset, and AT-27 library-scope subset pass. Explicit replacement execution integrates in S05 and complete recovery in S09. Inventory-only credentials work. No scan-start or download status is used as proof of ownership.",,IMPLEMENTATION-PLAN.md,docs/IMPLEMENTATION-STATUS.md
S04-01,S04,"Safe importing, naming and collection manifests","Completed-file inspection, directory grouping, embedded metadata reading and conservative work/version matching. Create per-book manifests and hold ambiguous children. Distinguish book containers from generic archives; unsupported/encrypted/incomplete archives stay held. Optional extraction must satisfy the PRD storage and confinement contract.","FR-04, FR-08 preservation, FR-25–FR-30; NFR-01, NFR-02, NFR-06","S01, S03; catalog contracts from S02","importer/filesystem backend, compatibility QA, frontend preview",Import certification,"AT-14 import subset and AT-15–AT-19 pass; AT-30 publication crash subset passes. Compare source hashes before/after and hardlink inode behavior where supported. A missing ABS confirmation leaves awaiting-library, never available. Enable nested presets only for tested capability combinations. This gate uses disposable test services, not the user's media collection.",,IMPLEMENTATION-PLAN.md,docs/IMPLEMENTATION-STATUS.md
S04-02,S04,"Safe importing, naming and collection manifests","Naming preset/token model, conditional punctuation, source-to-destination preview, medium roots, version separation and stable collision suffixes. Freeze each accepted import plan.","FR-04, FR-08 preservation, FR-25–FR-30; NFR-01, NFR-02, NFR-06","S01, S03; catalog contracts from S02","importer/filesystem backend, compatibility QA, frontend preview",Import certification,"AT-14 import subset and AT-15–AT-19 pass; AT-30 publication crash subset passes. Compare source hashes before/after and hardlink inode behavior where supported. A missing ABS confirmation leaves awaiting-library, never available. Enable nested presets only for tested capability combinations. This gate uses disposable test services, not the user's media collection.",,IMPLEMENTATION-PLAN.md,docs/IMPLEMENTATION-STATUS.md
S04-03,S04,"Safe importing, naming and collection manifests","Validate mount/path mappings and actual hardlink capability; implement confined paths, source validation, external staging, no-replace publish and journaled crash reconciliation. Copy fallback requires an explicit policy.","FR-04, FR-08 preservation, FR-25–FR-30; NFR-01, NFR-02, NFR-06","S01, S03; catalog contracts from S02","importer/filesystem backend, compatibility QA, frontend preview",Import certification,"AT-14 import subset and AT-15–AT-19 pass; AT-30 publication crash subset passes. Compare source hashes before/after and hardlink inode behavior where supported. A missing ABS confirmation leaves awaiting-library, never available. Enable nested presets only for tested capability combinations. This gate uses disposable test services, not the user's media collection.",,IMPLEMENTATION-PLAN.md,docs/IMPLEMENTATION-STATUS.md
S04-04,S04,"Safe importing, naming and collection manifests",Generate independent OPF/cover sidecars with initial-export authority; reject unsafe inode-changing operations; track generated-file ownership separately from preexisting destination content.,"FR-04, FR-08 preservation, FR-25–FR-30; NFR-01, NFR-02, NFR-06","S01, S03; catalog contracts from S02","importer/filesystem backend, compatibility QA, frontend preview",Import certification,"AT-14 import subset and AT-15–AT-19 pass; AT-30 publication crash subset passes. Compare source hashes before/after and hardlink inode behavior where supported. A missing ABS confirmation leaves awaiting-library, never available. Enable nested presets only for tested capability combinations. This gate uses disposable test services, not the user's media collection.",,IMPLEMENTATION-PLAN.md,docs/IMPLEMENTATION-STATUS.md
S04-05,S04,"Safe importing, naming and collection manifests","Handle split series packs, mixed media, existing-owned children, extras and inseparable omnibus assets. Do not publish unresolved children as verified works.","FR-04, FR-08 preservation, FR-25–FR-30; NFR-01, NFR-02, NFR-06","S01, S03; catalog contracts from S02","importer/filesystem backend, compatibility QA, frontend preview",Import certification,"AT-14 import subset and AT-15–AT-19 pass; AT-30 publication crash subset passes. Compare source hashes before/after and hardlink inode behavior where supported. A missing ABS confirmation leaves awaiting-library, never available. Enable nested presets only for tested capability combinations. This gate uses disposable test services, not the user's media collection.",,IMPLEMENTATION-PLAN.md,docs/IMPLEMENTATION-STATUS.md
S04-06,S04,"Safe importing, naming and collection manifests","Certify conventional and nested-version layouts against actual ABS item boundaries and metadata precedence. Implement scan-capable and watcher-only confirmation, timeout/attention and repair.","FR-04, FR-08 preservation, FR-25–FR-30; NFR-01, NFR-02, NFR-06","S01, S03; catalog contracts from S02","importer/filesystem backend, compatibility QA, frontend preview",Import certification,"AT-14 import subset and AT-15–AT-19 pass; AT-30 publication crash subset passes. Compare source hashes before/after and hardlink inode behavior where supported. A missing ABS confirmation leaves awaiting-library, never available. Enable nested presets only for tested capability combinations. This gate uses disposable test services, not the user's media collection.",,IMPLEMENTATION-PLAN.md,docs/IMPLEMENTATION-STATUS.md
S05-01,S05,Native MAM and qBittorrent vertical slice,"Native MAM search/detail adapter adapted from bounded MouseSearch references; retain authors, narrators, descriptions, genres, raw titles, formats and release evidence.","FR-03–FR-04, FR-09–FR-10, FR-16, FR-20–FR-23, FR-30; NFR-01, NFR-02, NFR-10","S02, S03, S04",source/downloader backend and acquisition frontend,Private alpha,"AT-08, AT-12 baseline, AT-13 and end-to-end AT-19 pass; critical AT-30 crash points pass. Live account-specific auth/route checks are recorded separately from offline fixtures. Private alpha is for bounded use with explicit supported versions and recovery instructions; list automation is not enabled yet.",,IMPLEMENTATION-PLAN.md,docs/IMPLEMENTATION-STATUS.md
S05-02,S05,Native MAM and qBittorrent vertical slice,"mam_id storage/rotation, credential-scoped distributed serialization, explicit proxy route, shared rate limits and distinct auth/parser/no-result outcomes. No secret-bearing diagnostics.","FR-03–FR-04, FR-09–FR-10, FR-16, FR-20–FR-23, FR-30; NFR-01, NFR-02, NFR-10","S02, S03, S04",source/downloader backend and acquisition frontend,Private alpha,"AT-08, AT-12 baseline, AT-13 and end-to-end AT-19 pass; critical AT-30 crash points pass. Live account-specific auth/route checks are recorded separately from offline fixtures. Private alpha is for bounded use with explicit supported versions and recovery instructions; list automation is not enabled yet.",,IMPLEMENTATION-PLAN.md,docs/IMPLEMENTATION-STATUS.md
S05-03,S05,Native MAM and qBittorrent vertical slice,"qBittorrent adapter for capability negotiation, add, association, status and file enumeration; route/download path settings; preserve external ownership and seeding.","FR-03–FR-04, FR-09–FR-10, FR-16, FR-20–FR-23, FR-30; NFR-01, NFR-02, NFR-10","S02, S03, S04",source/downloader backend and acquisition frontend,Private alpha,"AT-08, AT-12 baseline, AT-13 and end-to-end AT-19 pass; critical AT-30 crash points pass. Live account-specific auth/route checks are recorded separately from offline fixtures. Private alpha is for bounded use with explicit supported versions and recovery instructions; list automation is not enabled yet.",,IMPLEMENTATION-PLAN.md,docs/IMPLEMENTATION-STATUS.md
S05-04,S05,Native MAM and qBittorrent vertical slice,"Basic profiles and ebook/audio/both/either requests. Implement eligibility before ranking, acquisition reservations and media/version-aware satisfaction.","FR-03–FR-04, FR-09–FR-10, FR-16, FR-20–FR-23, FR-30; NFR-01, NFR-02, NFR-10","S02, S03, S04",source/downloader backend and acquisition frontend,Private alpha,"AT-08, AT-12 baseline, AT-13 and end-to-end AT-19 pass; critical AT-30 crash points pass. Live account-specific auth/route checks are recorded separately from offline fixtures. Private alpha is for bounded use with explicit supported versions and recovery instructions; list automation is not enabled yet.",,IMPLEMENTATION-PLAN.md,docs/IMPLEMENTATION-STATUS.md
S05-05,S05,Native MAM and qBittorrent vertical slice,Orchestrate search → reserve → submission ledger → reconcile/monitor → inspection/import → ABS confirmation. Recover an add timeout by lookup before any resubmission.,"FR-03–FR-04, FR-09–FR-10, FR-16, FR-20–FR-23, FR-30; NFR-01, NFR-02, NFR-10","S02, S03, S04",source/downloader backend and acquisition frontend,Private alpha,"AT-08, AT-12 baseline, AT-13 and end-to-end AT-19 pass; critical AT-30 crash points pass. Live account-specific auth/route checks are recorded separately from offline fixtures. Private alpha is for bounded use with explicit supported versions and recovery instructions; list automation is not enabled yet.",,IMPLEMENTATION-PLAN.md,docs/IMPLEMENTATION-STATUS.md
S05-06,S05,Native MAM and qBittorrent vertical slice,"Sources/detail panel, direct-source search/provisional catalog flow, download action and activity actions. Expose pack scope and per-child progress.","FR-03–FR-04, FR-09–FR-10, FR-16, FR-20–FR-23, FR-30; NFR-01, NFR-02, NFR-10","S02, S03, S04",source/downloader backend and acquisition frontend,Private alpha,"AT-08, AT-12 baseline, AT-13 and end-to-end AT-19 pass; critical AT-30 crash points pass. Live account-specific auth/route checks are recorded separately from offline fixtures. Private alpha is for bounded use with explicit supported versions and recovery instructions; list automation is not enabled yet.",,IMPLEMENTATION-PLAN.md,docs/IMPLEMENTATION-STATUS.md
S06-01,S06,"Multi-source search, complete ranking and series policies","Native AudiobookBay adapter, supported-host configuration, markup fixtures, detail/coverage/magnet handling and parser-health errors.","FR-17–FR-20, FR-24–FR-26; NFR-03, NFR-10",S05,source/catalog/acquisition backend and source/series UI,Acquisition feature alpha,AT-09–AT-12 and full AT-14–AT-15 pass. A higher seeder count cannot override wrong language/recording or a blocked format. Missing seed data is not silently treated as an authoritative zero. Search alone causes no downloads.,,IMPLEMENTATION-PLAN.md,docs/IMPLEMENTATION-STATUS.md
S06-02,S06,"Multi-source search, complete ranking and series policies",Prowlarr per-indexer capabilities/categories/search/resolution; origin attribution; native-MAM overlap suppression; unsupported transport handling.,"FR-17–FR-20, FR-24–FR-26; NFR-03, NFR-10",S05,source/catalog/acquisition backend and source/series UI,Acquisition feature alpha,AT-09–AT-12 and full AT-14–AT-15 pass. A higher seeder count cannot override wrong language/recording or a blocked format. Missing seed data is not silently treated as an authoritative zero. Search alone causes no downloads.,,IMPLEMENTATION-PLAN.md,docs/IMPLEMENTATION-STATUS.md
S06-03,S06,"Multi-source search, complete ranking and series policies","Incremental federated search, per-source budgets, normalized+raw fields, release equivalence and per-origin availability. Preserve distinct credentials/download routes even when results describe the same transfer.","FR-17–FR-20, FR-24–FR-26; NFR-03, NFR-10",S05,source/catalog/acquisition backend and source/series UI,Acquisition feature alpha,AT-09–AT-12 and full AT-14–AT-15 pass. A higher seeder count cannot override wrong language/recording or a blocked format. Missing seed data is not silently treated as an authoritative zero. Search alone causes no downloads.,,IMPLEMENTATION-PLAN.md,docs/IMPLEMENTATION-STATUS.md
S06-04,S06,"Multi-source search, complete ranking and series policies","Complete profiles, inheritance and effective-policy explanations using the PRD precedence and in-flight change table. Default source/format preferences, minimum requirements, unknown-value handling and deterministic ranking; manual sorting separate from stored policy. Preserve each reason's constraints when sharing fulfillment.","FR-17–FR-20, FR-24–FR-26; NFR-03, NFR-10",S05,source/catalog/acquisition backend and source/series UI,Acquisition feature alpha,AT-09–AT-12 and full AT-14–AT-15 pass. A higher seeder count cannot override wrong language/recording or a blocked format. Missing seed data is not silently treated as an authoritative zero. Search alone causes no downloads.,,IMPLEMENTATION-PLAN.md,docs/IMPLEMENTATION-STATUS.md
S06-05,S06,"Multi-source search, complete ranking and series policies","Just book / Prefer packs / Complete series selection, aliases, published/main-series set, verified coverage and bounded size/expansion controls. Replan uncovered wanted children after inspection without refetching satisfied children.","FR-17–FR-20, FR-24–FR-26; NFR-03, NFR-10",S05,source/catalog/acquisition backend and source/series UI,Acquisition feature alpha,AT-09–AT-12 and full AT-14–AT-15 pass. A higher seeder count cannot override wrong language/recording or a blocked format. Missing seed data is not silently treated as an authoritative zero. Search alone causes no downloads.,,IMPLEMENTATION-PLAN.md,docs/IMPLEMENTATION-STATUS.md
S06-06,S06,"Multi-source search, complete ranking and series policies","Source comparison, rejection explanations, edition/recording distinction, series coverage and omnibus UI with a truthful shared-asset link.","FR-17–FR-20, FR-24–FR-26; NFR-03, NFR-10",S05,source/catalog/acquisition backend and source/series UI,Acquisition feature alpha,AT-09–AT-12 and full AT-14–AT-15 pass. A higher seeder count cannot override wrong language/recording or a blocked format. Missing seed data is not silently treated as an authoritative zero. Search alone causes no downloads.,,IMPLEMENTATION-PLAN.md,docs/IMPLEMENTATION-STATUS.md
S07-01,S07,External lists and acquisition automation,"Hardcover authorized lists/pages/memberships, per-account scopes, cursors, quotas and complete snapshot tracking. Preserve list/source provenance and unresolved entries.","FR-12 sync, FR-22 automated concurrency, FR-31–FR-33; NFR-02, NFR-05, NFR-10",S06; connectors can start after S02,"list/workflow backend, list/settings frontend",Automation beta,"AT-20–AT-22 pass with outage, overlapping-list and shared-torrent scenarios; relevant AT-13 and AT-30 regressions pass. Feed omission, list removal and account outage produce neither media deletion nor a surprise full backfill.",,IMPLEMENTATION-PLAN.md,docs/IMPLEMENTATION-STATUS.md
S07-02,S07,External lists and acquisition automation,Goodreads RSS conditional fetch and dedupe; CSV snapshot import with field mapping/preview. Distinguish observed additions from authoritative removals; record feed truncation/partial status.,"FR-12 sync, FR-22 automated concurrency, FR-31–FR-33; NFR-02, NFR-05, NFR-10",S06; connectors can start after S02,"list/workflow backend, list/settings frontend",Automation beta,"AT-20–AT-22 pass with outage, overlapping-list and shared-torrent scenarios; relevant AT-13 and AT-30 regressions pass. Feed omission, list removal and account outage produce neither media deletion nor a surprise full backfill.",,IMPLEMENTATION-PLAN.md,docs/IMPLEMENTATION-STATUS.md
S07-03,S07,External lists and acquisition automation,"Local membership/subscription reconciliation, explicit detach/remove semantics, source-owned memberships and durable exclusions. List deletion never deletes library files.","FR-12 sync, FR-22 automated concurrency, FR-31–FR-33; NFR-02, NFR-05, NFR-10",S06; connectors can start after S02,"list/workflow backend, list/settings frontend",Automation beta,"AT-20–AT-22 pass with outage, overlapping-list and shared-torrent scenarios; relevant AT-13 and AT-30 regressions pass. Feed omission, list removal and account outage produce neither media deletion nor a surprise full backfill.",,IMPLEMENTATION-PLAN.md,docs/IMPLEMENTATION-STATUS.md
S07-04,S07,External lists and acquisition automation,Browse/manual/automatic modes; ebook/audio/both/either and profile inheritance; backlog preview versus future-only first-successful-sync baseline. Start paused if no valid baseline can be established.,"FR-12 sync, FR-22 automated concurrency, FR-31–FR-33; NFR-02, NFR-05, NFR-10",S06; connectors can start after S02,"list/workflow backend, list/settings frontend",Automation beta,"AT-20–AT-22 pass with outage, overlapping-list and shared-torrent scenarios; relevant AT-13 and AT-30 regressions pass. Feed omission, list removal and account outage produce neither media deletion nor a surprise full backfill.",,IMPLEMENTATION-PLAN.md,docs/IMPLEMENTATION-STATUS.md
S07-05,S07,External lists and acquisition automation,"Scheduled due-sync jobs, initially around 30 minutes with jitter, shared budgets, adaptive backoff, bounded backfill batches and request reasons. Recheck inventory, reservations and suppressions at dispatch time, not just list ingest. Polling cadence is adjustable and subordinate to provider limits.","FR-12 sync, FR-22 automated concurrency, FR-31–FR-33; NFR-02, NFR-05, NFR-10",S06; connectors can start after S02,"list/workflow backend, list/settings frontend",Automation beta,"AT-20–AT-22 pass with outage, overlapping-list and shared-torrent scenarios; relevant AT-13 and AT-30 regressions pass. Feed omission, list removal and account outage produce neither media deletion nor a surprise full backfill.",,IMPLEMENTATION-PLAN.md,docs/IMPLEMENTATION-STATUS.md
S07-06,S07,External lists and acquisition automation,"List status/policy summary, per-item pending/owned/attention, manual selection, pause/resume, backlog cancellation and clear next actions. Pausing acquisition continues list observation; resuming previews accumulated additions. Policy changes preview their effect on existing unsatisfied entries.","FR-12 sync, FR-22 automated concurrency, FR-31–FR-33; NFR-02, NFR-05, NFR-10",S06; connectors can start after S02,"list/workflow backend, list/settings frontend",Automation beta,"AT-20–AT-22 pass with outage, overlapping-list and shared-torrent scenarios; relevant AT-13 and AT-30 regressions pass. Feed omission, list removal and account outage produce neither media deletion nor a surprise full backfill.",,IMPLEMENTATION-PLAN.md,docs/IMPLEMENTATION-STATUS.md
S08-01,S08,"Discovery, curation, sharing and deliberate write-back","Attributed provider-supported trending, new releases, related titles and series-continuation shelves. Provide transparent signal labels and useful cached/local fallback; do not invent popularity metrics.","FR-02 sharing, FR-11–FR-12, FR-34; NFR-03, NFR-05, NFR-07","S02, S03, S07",discovery/frontend and list/backend,Feature-complete beta,"AT-05 discovery/sharing, AT-23, AT-27 account/privacy and AT-28 core-flow checks pass. Every visible capability has a working implementation or clear unsupported state. Goodreads never displays a write-back control.",,IMPLEMENTATION-PLAN.md,docs/IMPLEMENTATION-STATUS.md
S08-02,S08,"Discovery, curation, sharing and deliberate write-back","Accessible external/community list browsing/following, local curation/order/sharing and permission checks. Sharing a local list never shares a provider token.","FR-02 sharing, FR-11–FR-12, FR-34; NFR-03, NFR-05, NFR-07","S02, S03, S07",discovery/frontend and list/backend,Feature-complete beta,"AT-05 discovery/sharing, AT-23, AT-27 account/privacy and AT-28 core-flow checks pass. Every visible capability has a working implementation or clear unsupported state. Goodreads never displays a write-back control.",,IMPLEMENTATION-PLAN.md,docs/IMPLEMENTATION-STATUS.md
S08-03,S08,"Discovery, curation, sharing and deliberate write-back","Optional Hardcover list write-back for verified mutation capabilities. Add outbox, external correlation/reconciliation, echo prevention, conflict handling and scoped user controls.","FR-02 sharing, FR-11–FR-12, FR-34; NFR-03, NFR-05, NFR-07","S02, S03, S07",discovery/frontend and list/backend,Feature-complete beta,"AT-05 discovery/sharing, AT-23, AT-27 account/privacy and AT-28 core-flow checks pass. Every visible capability has a working implementation or clear unsupported state. Goodreads never displays a write-back control.",,IMPLEMENTATION-PLAN.md,docs/IMPLEMENTATION-STATUS.md
S08-04,S08,"Discovery, curation, sharing and deliberate write-back","Refine onboarding and default profiles using task-based usability sessions: connect, find, request, follow, resolve. Progressive disclosure for metadata, ranking and naming.","FR-02 sharing, FR-11–FR-12, FR-34; NFR-03, NFR-05, NFR-07","S02, S03, S07",discovery/frontend and list/backend,Feature-complete beta,"AT-05 discovery/sharing, AT-23, AT-27 account/privacy and AT-28 core-flow checks pass. Every visible capability has a working implementation or clear unsupported state. Goodreads never displays a write-back control.",,IMPLEMENTATION-PLAN.md,docs/IMPLEMENTATION-STATUS.md
S08-05,S08,"Discovery, curation, sharing and deliberate write-back","Complete responsive/accessibility states, empty/error/stale views and book/version/source vocabulary. Download state remains distinct from reading progress.","FR-02 sharing, FR-11–FR-12, FR-34; NFR-03, NFR-05, NFR-07","S02, S03, S07",discovery/frontend and list/backend,Feature-complete beta,"AT-05 discovery/sharing, AT-23, AT-27 account/privacy and AT-28 core-flow checks pass. Every visible capability has a working implementation or clear unsupported state. Goodreads never displays a write-back control.",,IMPLEMENTATION-PLAN.md,docs/IMPLEMENTATION-STATUS.md
S09-01,S09,Production readiness and v1.0 release,"Full fault-injection/concurrency suite: worker/API/db restarts, unknown submission, expired leases, disk-full, permission denial, corrupt inputs and backend outages. Close all invariant failures.","FR-15 recovery, FR-35–FR-36; all v1 requirements and NFRs",S00–S08 gates,"release/platform, QA, all module owners",Production v1.0,"all FR-01–FR-36 and NFR-01–NFR-12 have passing mapped evidence; AT-01–AT-30 release scope is complete. No unresolved P0/P1 integrity, authorization, duplicate-download or mandatory workflow failure. Optional capability restrictions are documented consistently with the PRD, not used to hide an unfinished required integration.",,IMPLEMENTATION-PLAN.md,docs/IMPLEMENTATION-STATUS.md
S09-02,S09,Production readiness and v1.0 release,"Versioned backup/restore and upgrade rehearsal covering database, encryption keys, configuration and manifests; restore starts dispatch-paused and reconciles before resuming. Document separate media backup responsibility.","FR-15 recovery, FR-35–FR-36; all v1 requirements and NFRs",S00–S08 gates,"release/platform, QA, all module owners",Production v1.0,"all FR-01–FR-36 and NFR-01–NFR-12 have passing mapped evidence; AT-01–AT-30 release scope is complete. No unresolved P0/P1 integrity, authorization, duplicate-download or mandatory workflow failure. Optional capability restrictions are documented consistently with the PRD, not used to hide an unfinished required integration.",,IMPLEMENTATION-PLAN.md,docs/IMPLEMENTATION-STATUS.md
S09-03,S09,Production readiness and v1.0 release,"Benchmark reference dataset; tune indexes, batch sizes, connection pools and bounded concurrency. Publish measured results against PRD budgets and explain provider latency separately.","FR-15 recovery, FR-35–FR-36; all v1 requirements and NFRs",S00–S08 gates,"release/platform, QA, all module owners",Production v1.0,"all FR-01–FR-36 and NFR-01–NFR-12 have passing mapped evidence; AT-01–AT-30 release scope is complete. No unresolved P0/P1 integrity, authorization, duplicate-download or mandatory workflow failure. Optional capability restrictions are documented consistently with the PRD, not used to hide an unfinished required integration.",,IMPLEMENTATION-PLAN.md,docs/IMPLEMENTATION-STATUS.md
S09-04,S09,Production readiness and v1.0 release,"Security/privacy review, dependency/license inventory, accessible UI verification and log/export redaction. Validate server-side permissions on every affected API.","FR-15 recovery, FR-35–FR-36; all v1 requirements and NFRs",S00–S08 gates,"release/platform, QA, all module owners",Production v1.0,"all FR-01–FR-36 and NFR-01–NFR-12 have passing mapped evidence; AT-01–AT-30 release scope is complete. No unresolved P0/P1 integrity, authorization, duplicate-download or mandatory workflow failure. Optional capability restrictions are documented consistently with the PRD, not used to hide an unfinished required integration.",,IMPLEMENTATION-PLAN.md,docs/IMPLEMENTATION-STATUS.md
S09-05,S09,Production readiness and v1.0 release,"Certify supported ABS/qBittorrent/PostgreSQL versions and filesystem/layout matrix; publish capabilities and limitations. Unknown versions get diagnostics, not an unearned compatibility claim.","FR-15 recovery, FR-35–FR-36; all v1 requirements and NFRs",S00–S08 gates,"release/platform, QA, all module owners",Production v1.0,"all FR-01–FR-36 and NFR-01–NFR-12 have passing mapped evidence; AT-01–AT-30 release scope is complete. No unresolved P0/P1 integrity, authorization, duplicate-download or mandatory workflow failure. Optional capability restrictions are documented consistently with the PRD, not used to hide an unfinished required integration.",,IMPLEMENTATION-PLAN.md,docs/IMPLEMENTATION-STATUS.md
S09-06,S09,Production readiness and v1.0 release,"Production images, deployment/upgrade/recovery guides, troubleshooting, release notes, changelog and release evidence package. Document settings migration and safe rollback/restore boundaries.","FR-15 recovery, FR-35–FR-36; all v1 requirements and NFRs",S00–S08 gates,"release/platform, QA, all module owners",Production v1.0,"all FR-01–FR-36 and NFR-01–NFR-12 have passing mapped evidence; AT-01–AT-30 release scope is complete. No unresolved P0/P1 integrity, authorization, duplicate-download or mandatory workflow failure. Optional capability restrictions are documented consistently with the PRD, not used to hide an unfinished required integration.",,IMPLEMENTATION-PLAN.md,docs/IMPLEMENTATION-STATUS.md
S10-01,S10,Expansion releases,Opt-in quality upgrades and replacement policies,FR-37–FR-42,Stable v1 and relevant module gates,relevant module owner,Post-v1,Each S10 package is a separately qualified release; apply its additional gate and affected v1 regressions.,AT-31: retain old availability until replacement confirmation; preserve seed paths; explicit retention and rollback,IMPLEMENTATION-PLAN.md,docs/IMPLEMENTATION-STATUS.md
S10-02,S10,Expansion releases,Existing-import reorganization and selected metadata push,FR-37–FR-42,Stable v1 and relevant module gates,relevant module owner,Post-v1,Each S10 package is a separately qualified release; apply its additional gate and affected v1 regressions.,"AT-31: preview/diff, collision handling, resumable movement, ABS identity/progress preservation; uncertain preservation blocks execution",IMPLEMENTATION-PLAN.md,docs/IMPLEMENTATION-STATUS.md
S10-03,S10,Expansion releases,BookOrbit/other library adapters,FR-37–FR-42,Stable v1 and relevant module gates,relevant module owner,Post-v1,Each S10 package is a separately qualified release; apply its additional gate and affected v1 regressions.,AT-32: independent inventory/version/layout contract; no assumption of ABS behavior,IMPLEMENTATION-PLAN.md,docs/IMPLEMENTATION-STATUS.md
S10-04,S10,Expansion releases,Additional recommendation/catalog/community providers,FR-37–FR-42,Stable v1 and relevant module gates,relevant module owner,Post-v1,Each S10 package is a separately qualified release; apply its additional gate and affected v1 regressions.,"AT-33: capability, attribution, identity, privacy and usefulness evidence",IMPLEMENTATION-PLAN.md,docs/IMPLEMENTATION-STATUS.md
S10-05,S10,Expansion releases,Additional download clients and Usenet,FR-37–FR-42,Stable v1 and relevant module gates,relevant module owner,Post-v1,Each S10 package is a separately qualified release; apply its additional gate and affected v1 regressions.,"AT-34: submission reconciliation, completed-file ownership, cleanup and import lifecycle for the actual client",IMPLEMENTATION-PLAN.md,docs/IMPLEMENTATION-STATUS.md
S10-06,S10,Expansion releases,OIDC/SSO,FR-37–FR-42,Stable v1 and relevant module gates,relevant module owner,Post-v1,Each S10 package is a separately qualified release; apply its additional gate and affected v1 regressions.,"AT-35: secure account linking, ownership preservation, grant enforcement and local recovery",IMPLEMENTATION-PLAN.md,docs/IMPLEMENTATION-STATUS.md
